<soapenv:Envelope xmlns:soapenv="http://schemas.xmlsoap.org/soap/envelope/" xmlns:book="http://www.ibm.com/datapower/FLY/BookingService/">
   <soapenv:Header/>
   <soapenv:Body>
      <book:BookingRequest>
         <book:Booking>
            <book:ReservationCode>JK99V16I</book:ReservationCode>
            <book:BookingType>I</book:BookingType>
            <book:PaymentCardDetails>
               <book:Number>4485710246935191</book:Number>
               <book:Expiry>
                  <book:Year>2016</book:Year>
                  <book:Month>9</book:Month>
               </book:Expiry>
               <book:CVV>924</book:CVV>
               <book:Type>Visa</book:Type>
               <book:HolderName>James Roberts</book:HolderName>
            </book:PaymentCardDetails>
            <book:BillingDetails>
               <book:FirstName>James</book:FirstName>
               <book:LastName>Roberts</book:LastName>
               <book:Address>314 S. Wells St</book:Address>
               <book:City>Chicago</book:City>
               <book:State>IL</book:State>
               <book:ZIP>60606</book:ZIP>
               <book:Country>USA</book:Country>
            </book:BillingDetails>
         </book:Booking>
      </book:BookingRequest>
   </soapenv:Body>
</soapenv:Envelope>
