<soapenv:Envelope xmlns:soapenv="http://schemas.xmlsoap.org/soap/envelope/" xmlns:fly="http://www.ibm.com/datapower/FLY/BaggageService/" >
  <soapenv:Header/>
  <soapenv:Body>
    <fly:BagInfoResponse>
      <fly:id>12345</fly:id>
      <fly:destination>XYZ</fly:destination>
      <fly:status>blah blah</fly:status>
      <fly:lastKnownLocation>ZYX</fly:lastKnownLocation>
      <fly:timeAtLastKnownLocation>12:00</fly:timeAtLastKnownLocation>
      <fly:refNumber>11111</fly:refNumber>
      <fly:lastName>My Name</fly:lastName>
    </fly:BagInfoResponse>
  </soapenv:Body>
</soapenv:Envelope>
